Send,Paid,Recived
₹1,₹80,Pay8
₹315,₹790,Pay5
₹60,₹100,Pay4
₹200,₹95,₹200
₹3000,₹250,Pay3
₹4331,₹239,₹60
₹4332,₹30,₹55
"₹15,344",₹315,Pay2
₹140,₹315,Pay1
₹360,₹315,₹50
₹50,₹100,Pay28
₹4332,₹100,Pay27
₹3333,₹75,₹3000
₹250,₹707,Pay26
₹100,₹134,Pay25
₹76,₹15,Pay23
₹151,₹199,Pay22
₹40,₹79,Pay21
₹100,₹105,Pay20
₹50,₹270,₹62
₹76,₹90,₹100
₹16,₹85,₹595
₹77,₹140,₹3636
₹250,₹40,₹1800
₹1000,₹140,₹4332
₹100,₹60,₹3636
₹137,₹1890,₹3636
₹3077,₹1701,₹100
₹120,₹1890,₹595
₹75,"₹20,000",₹3636
₹100,₹261,₹3636
₹94,₹100,₹595
₹120,₹1,₹595
₹200,₹55,₹100
₹125,₹20,₹595
₹50,₹100,₹595
₹50,₹90,₹100
₹25,₹19,₹100
₹10,₹375,₹595
₹250,₹15,₹595
₹200,₹15,₹100
₹40,₹6,₹3636
₹250,₹3,₹3636
₹15,₹100,₹595
₹150,₹100,₹3636
₹340,₹180,₹595
₹249,₹100,₹3636
₹1,₹199,₹100
₹40,₹95,₹595
₹40,₹30,₹3636
₹300,₹200,₹595
₹380,₹20,₹100
₹94,₹61,₹3636
₹80,₹40,₹62
₹75,₹150,₹62
₹610,₹15,₹595
₹1500,₹115,₹100
₹110,₹20,₹3636
₹610,₹150,₹595
₹250,₹103,₹3636
₹210,₹105,₹100
₹270,₹100,₹100
₹4700,₹60,₹595
₹4700,₹20,₹300
₹130,₹41,₹200
₹7900,₹20,₹200
"₹20,000",₹30,₹100
"₹27,900",₹70,₹35
₹535,₹25,₹200
₹521,₹230,₹50
₹4700,₹7,₹1497
₹230,₹239,₹30
₹100,₹35,₹1000
₹220,₹35,₹70
₹2236,₹15,₹150
₹70,₹898,₹40
₹80,₹898,₹200
₹65,₹898,₹300
₹21,₹65,₹430
₹150,₹814,₹790
₹120,₹35,₹260
₹100,₹135,₹200
₹100,₹95,₹500
₹210,₹20,₹50
₹60,₹40,₹50
₹45,₹10,₹166
₹45,₹466,₹20
₹60,₹20,₹40
₹25,₹651,₹166
₹40,₹100,₹36
₹60,₹154,₹40
₹75,₹55,₹100
₹22,₹19,₹109
₹60,₹115,₹400
₹136,₹80,₹200
₹18,₹30,₹200
₹45,₹20,₹200
₹67,₹165,₹26
₹100,₹200,₹26
₹60,₹40,₹26
₹30,₹121,₹26
₹107,₹220,₹82
₹107,₹239,₹40
₹45,₹898,₹45
₹55,₹898,₹1000
₹45,₹1018,₹3000
₹50,₹754,₹2000
₹10,₹165,₹521
₹52,₹6,₹521
₹210,₹15,₹521
₹100,₹19,₹1000
₹500,₹960,₹265
₹500,₹960,₹4695
₹3737,₹960,₹4695
₹500,₹550,₹4695
₹55,₹1350,₹5
₹40,₹180,₹4700
₹100,₹700,₹4700
₹170,₹20,₹4700
₹50,₹120,₹4400
₹100,₹84,₹4700
₹20,₹20,₹4700
₹45,₹130,₹100
₹80,₹787,₹61
₹65,₹1200,₹8
₹40,₹1200,₹650
₹70,₹100,₹40
₹185,₹350,₹55
₹130,₹200,₹45
₹340,₹30,₹30
₹1200,₹100,₹15
₹30,₹100,₹40
₹250,₹915,₹40
₹60,₹915,₹40
₹638,₹1050,₹45
₹85,₹514,₹500
₹462,₹1155,₹20
₹40,₹467,₹53
₹200,₹577,₹1000
₹107,₹525,₹1500
₹160,₹682,₹1000
₹50,₹239,₹100
₹944,₹897,₹170
₹3827,₹599,₹499
₹65,₹600,₹211
₹300,₹20,₹120
₹250,₹160,₹190
₹19,₹189,₹200
₹10,₹170,₹45
₹65,₹20,₹35
₹150,₹10,₹10
₹95,₹120,₹10
₹80,₹186,₹96
"₹16,500",₹60,₹4
₹85,₹20,₹3
₹100,₹100,₹120
₹75,₹682,₹110
₹351,₹180,₹190
₹57,₹897,₹200
₹370,₹21,₹40
₹370,₹55,₹6000
₹740,₹20,₹6000
₹3000,₹209,₹15
₹199,₹50,₹2000
₹1000,₹20,₹3000
₹30,₹205,₹3000
₹74,₹20,₹3000
₹270,₹150,₹6000
₹15,₹35,₹20
₹122,₹10,₹2000
₹60,₹65,₹2000
₹70,₹20,₹300
₹23,₹40,₹472
₹23,₹20,₹5000
₹300,₹20,"₹11,800"
₹174,₹405,₹4000
₹130,₹390,₹5000
₹400,₹100,₹5000
₹50,₹100,₹5000
₹45,₹47,₹5000
₹200,₹20,₹22
₹107,₹20,₹370
₹40,₹67,₹5000
₹26,₹15,₹2500
₹80,₹60,₹20
₹500,₹80,₹40
₹15,₹70,₹20
₹15,₹181,₹100
₹10,₹50,₹20
₹110,₹99,₹2000
₹3737,₹22,₹100
₹25,₹32,₹100
"₹20,000",₹30,₹100
₹90,₹15,₹100
₹100,₹84,₹200
₹100,₹25,₹12
₹1100,₹10,₹50
₹50,₹1,₹30
₹15,₹45,₹30
₹78,₹20,₹3000
₹75,₹10,₹60
₹45,₹55,₹100
₹200,₹452,₹40
₹210,₹452,₹40
₹10,₹15,₹100
₹100,₹30,₹1000
₹60,₹24,₹20
₹150,₹30,₹170
₹150,₹55,₹25
₹40,₹50,₹60
₹215,₹50,₹115
₹200,₹10,₹60
₹25,₹25,₹60
₹1000,₹320,₹100
₹45,₹20,₹50
₹999,₹199,₹135
₹1100,₹729,₹78
₹1100,₹199,₹50
₹110,₹470,₹50
₹4149,₹239,₹50
₹112,₹270,₹30
₹491,₹30,₹225
₹72,₹30,₹62
₹380,₹10,₹2500
₹160,₹90,₹225
₹190,₹38,₹225
₹74,₹40,₹225
₹300,₹30,₹225
₹130,₹6,₹225
₹15,₹12,₹255
₹915,₹73,₹2000
₹107,₹30,₹40
₹175,₹30,₹60
₹45,₹6,₹40
₹700,₹30,₹70
₹637,₹45,₹30
₹100,₹1198,₹138
₹40,₹30,₹175
₹3970,₹83,₹200
₹140,₹829,₹10
₹5579,₹8,₹1000
₹5579,₹10,₹10
₹60,₹30,₹45
₹45,₹50,₹100
₹70,₹452,₹50
₹100,₹27,₹110
₹40,₹50,₹190
₹40,₹35,₹190
₹40,₹24,₹190
₹55,₹60,₹75
₹1000,₹829,₹2000
₹10,₹567,₹30
₹25,₹630,₹5000
₹100,₹100,₹100
₹40,₹50,₹60
₹460,₹830,₹10
₹100,₹735,₹30
₹47,₹30,₹3
₹100,₹100,₹10
₹20,₹20,₹20
₹32,₹10,₹3000
₹120,₹10,₹110
₹90,₹115,₹75
₹200,₹15,₹30
₹5000,₹50,₹30
₹40,₹614,₹30
₹40,₹614,₹3
₹20,₹199,₹140
₹3637,₹845,₹30
₹200,₹90,₹200
₹100,₹22,₹30
₹45,₹20,₹50
₹90,₹20,₹4
₹20,₹45,₹160
₹20,₹30,₹500
₹1000,₹1144,₹145
₹60,₹50,₹220
₹60,₹40,₹20
₹1100,₹50,₹3
₹107,₹30,₹170
₹40,₹20,₹90
₹65,₹15,₹136
₹20,₹70,₹180
₹225,₹15,"₹10,000"
₹300,₹179,₹50
₹100,₹619,₹10
₹75,₹446,₹20
₹99,₹892,₹200
₹15,₹15,₹200
₹1,₹52,₹3000
₹1,₹210,₹1000
₹1,₹20,₹1000
₹1,₹60,₹1000
₹1,₹10,₹100
₹195,₹40,₹18
₹200,₹20,₹20
₹3000,₹20,₹25
₹200,₹201,₹10
₹40,₹1192,₹30
₹124,₹200,₹20
₹20,₹50,₹100
₹30,₹375,₹227
₹30,₹80,₹500
₹600,₹20,₹227
₹100,₹20,₹227
₹100,₹40,₹227
₹50,₹480,₹227
₹950,₹99,₹227
₹250,₹40,₹227
₹70,₹24,₹227
₹3637,₹260,₹525
₹5000,₹15,₹29
₹225,₹20,₹195
₹15,₹720,₹175
₹55,₹40,₹175
₹73,₹20,₹175
₹1,₹300,₹125
₹2268,₹318,₹130
₹40,₹20,₹4000
₹65,₹44,₹5000
₹120,₹10,₹14
₹5,₹30,₹2000
₹5,₹10,₹1000
₹120,₹213,₹4
₹300,₹60,₹600
₹80,₹85,₹500
₹100,₹239,₹250
₹22,₹10,₹100
₹455,₹5,₹40
₹1410,₹120,₹3
₹106,₹200,₹2000
₹1,₹125,₹200
₹160,₹500,₹400
₹80,₹20,₹60
₹24,₹875,₹3
₹13,₹70,₹70
₹40,₹310,₹70
₹800,₹55,₹500
₹200,₹350,₹200
₹221,₹100,₹1
₹221,₹45,₹250
₹100,₹165,₹130
₹1000,₹80,₹120
₹400,₹20,₹130
₹200,₹55,₹130
₹200,₹100,₹140
₹80,₹60,₹3
₹50,₹20,₹6
₹500,₹120,₹500
₹80,₹430,₹500
₹4300,₹400,₹6000
₹4300,₹25,₹1000
₹4300,₹400,₹500
₹400,₹24,₹300
₹280,₹130,₹160
₹50,₹25,₹23
₹70,₹30,₹1
₹30,₹70,₹150
₹50,₹5,₹1000
₹500,₹20,order
₹650,₹100,order
₹500,₹50,₹1000
₹400,₹360,₹1000
₹1000,₹100,₹150
₹50,₹45,₹200
₹200,₹200,₹200
₹200,₹239,₹400
₹220,₹80,₹1000
₹200,₹400,₹150
₹1,₹200,₹150
₹190,₹30,₹1
₹500,₹37,₹1000
₹500,₹25,₹1
₹500,₹25,₹300
₹500,₹30,₹1000
₹95,₹30,₹30
₹95,₹20,₹30
₹1000,₹15,₹1110
₹300,₹20,₹515
₹300,₹10,₹1500
₹300,₹30,₹1
₹300,₹10,₹100
₹300,₹15,₹677
₹1600,₹10,₹1500
₹1684,₹45,₹1500
₹130,₹100,₹2000
₹40,₹20,₹2000
₹3,₹20,₹2000
₹3,₹20,₹1000
₹3,₹30,₹1000
₹422,₹10,0
₹200,₹15,0
₹55,₹20,0
₹150,₹25,0
₹100,₹30,0
₹150,₹10,0
₹150,₹20,0
₹150,₹20,0
₹150,₹20,0
₹1,₹160,0
₹291,₹298,0
₹60,₹199,0
₹60,₹130,0
₹160,₹58,0
₹1,₹140,0
0,₹58,0
0,₹20,0
0,₹10,0
0,₹14,0
0,₹20,0
0,₹40,0
0,₹20,0
0,₹30,0
0,₹32,0
0,₹32,0
0,₹125,0
0,₹40,0
0,₹40,0
0,₹30,0
0,₹20,0
0,₹10,0
0,₹40,0
0,₹211,0
0,₹165,0
0,₹240,0
0,₹149,0
0,₹10,0
0,₹20,0
0,₹40,0
0,₹20,0
0,₹40,0
0,₹20,0
0,₹20,0
0,₹100,0
0,₹15,0
0,₹85,0
0,₹10,0
0,₹25,0
0,₹50,0
0,₹30,0
0,₹20,0
0,₹20,0
0,₹30,0
0,₹60,0
0,₹485,0
0,₹225,0
0,₹330,0
0,₹303,0
0,₹40,0
0,₹340,0
0,₹6000,0
0,₹20,0
0,₹1616,0
0,₹1616,0
0,₹50,0
0,₹20,0
0,₹10,0
0,₹239,0
0,₹239,0
0,₹20,0
0,₹40,0
0,₹10,0
0,₹20,0
0,₹10,0
0,₹15,0
0,₹20,0
0,₹200,0
0,₹33,0
0,₹20,0
0,₹8,0
0,₹10,0
0,₹10,0
0,₹35,0
0,₹25,0
0,₹93,0
0,₹105,0
0,₹100,0
0,₹2500,0
0,₹227,0
0,₹227,0
0,₹20,0
0,₹120,0
0,₹175,0
0,₹175,0
0,₹175,0
0,₹266,0
0,₹30,0
0,₹368,0
0,₹300,0
0,₹270,0
0,₹199,0
0,₹100,0
0,₹50,0
0,₹239,0
0,₹315,0
0,₹220,0
0,₹180,0
0,₹106,0
0,₹295,0
0,₹155,0
0,₹100,0
0,₹25,0
0,₹1157,0
0,₹20,0
0,₹270,0
0,₹199,0
0,₹255,0
0,₹40,0
0,₹230,0
0,₹70,0
0,₹239,0
0,₹80,0
0,₹80,0
0,₹60,0
0,₹210,0
0,₹40,0
0,₹80,0
0,₹270,0
0,₹199,0
0,₹40,0
0,₹177,0
0,₹1192,0
0,₹1192,0
0,₹490,0
0,₹80,0
0,₹40,0
0,₹239,0
0,₹199,0
0,₹490,0
0,₹490,0
0,₹483,0
0,₹239,0
0,₹199,0
0,₹598,0
0,₹15,0
0,₹99,0
0,₹70,0
0,₹250,0
0,₹160,0
0,₹199,0
0,₹199,0
0,₹70,0
0,₹270,0
0,₹239,0
0,₹6000,0
0,₹40,0
0,₹60,0
0,₹348,0
0,₹110,0
0,₹191,0
0,₹199,0
0,₹648,0
0,₹181,0
0,₹48,0
0,₹227,0
0,₹90,0
0,₹199,0
0,₹395,0
0,₹138,0
0,₹623,0
0,₹117,0
0,₹137,0
0,₹137,0
0,₹199,0
0,₹199,0
0,₹199,0
0,₹594,0
0,₹300,0
0,₹500,0
0,₹199,0
0,₹249,0
0,₹529,0
0,₹249,0
0,₹11,0
0,₹21,0
0,₹112,0
0,₹237,0
0,₹682,0
0,₹682,0
0,₹682,0
0,₹199,0
0,₹199,0
0,₹100,0
0,₹50,0
0,₹26,0
0,₹460,0
0,₹25,0
0,₹380,0
